<?xml version="1.0" encoding="UTF-8"?>
<project-private xmlns="http://www.netbeans.org/ns/project-private/1">
    <editor-bookmarks xmlns="http://www.netbeans.org/ns/editor-bookmarks/2" lastBookmarkId="0"/>
    <open-files xmlns="http://www.netbeans.org/ns/projectui-open-files/2">
        <group>
            <file>file:/D:/BTL_QLDiemSVien/src/GiaoDien/GiangVien.java</file>
            <file>file:/D:/BTL_QLDiemSVien/src/GiaoDien/GiangVienDangNhap.java</file>
            <file>file:/D:/BTL_QLDiemSVien/src/btl_qldiemsvien/BTL_QLDiemSVien.java</file>
            <file>file:/D:/BTL_QLDiemSVien/src/GiaoDien/DangNhap.java</file>
            <file>file:/D:/BTL_QLDiemSVien/src/GiaoDien/SinhVien.java</file>
            <file>file:/D:/BTL_QLDiemSVien/src/GiaoDien/SinhVienDangNhap.java</file>
            <file>file:/D:/BTL_QLDiemSVien/src/GiaoDien/Admin.java</file>
            <file>file:/D:/BTL_QLDiemSVien/src/btl_qldiemsvien/CSDL/KetNoiCSDL.java</file>
            <file>file:/D:/BTL_QLDiemSVien/src/GiaoDien/Khoa.java</file>
            <file>file:/D:/BTL_QLDiemSVien/src/GiaoDien/KhoaHoc.java</file>
            <file>file:/D:/BTL_QLDiemSVien/src/GiaoDien/ChuyenNganh.java</file>
            <file>file:/D:/BTL_QLDiemSVien/src/GiaoDien/NhapDiem.java</file>
            <file>file:/D:/BTL_QLDiemSVien/src/GiaoDien/DiemSV.java</file>
            <file>file:/D:/BTL_QLDiemSVien/src/GiaoDien/LopHoc.java</file>
        </group>
    </open-files>
</project-private>
